Title,Date
"Agatha Christie: Las Siete Esferas: A Bundle con amor","4/15/26"
"Emergencia radiactiva: Tienen que confiar en alguien","4/15/26"
"Emergencia radiactiva: Siempre tenemos una opción","4/15/26"
"Emergencia radiactiva: ¿Estamos bebiendo agua contaminada?,""4/11/26"
"Emergencia radiactiva: ¿Cuándo podremos volver a casa?,""4/11/26"""
"Emergencia radiactiva: Un desastre como Brasil nunca ha visto,""4/10/26"""
"Peaky Blinders: El hombre inmortal,""3/21/26"""
"Los dinosaurios: La conquista,""3/11/26"""
"Peaky Blinders: Temporada 1: Episodio 2,""3/11/26"""
"La vida en nuestro planeta: Capítulo 2: La primera frontera,""3/10/26"""
"Los dinosaurios: El ascenso,""3/9/26"""
"Cortafuego,""3/8/26"""
"En fuga: Miniserie: Por siempre la verdad brillante,""1/20/26"""
"En fuga: Miniserie: Otra época,""1/19/26"""
"En fuga: Miniserie: La última gota,""1/19/26"""
"En fuga: Miniserie: Tatuajes mientras esperas,""1/18/26"""
"En fuga: Miniserie: Ver para creer,""1/18/26"""
"Stranger Things: Stranger Things 5: Capítulo ocho: Este Lado,""1/1/26"""
"Stranger Things: Stranger Things 5: Capítulo siete: El puente,""12/29/25"""
"Stranger Things: Stranger Things 5: Capítulo seis: La huida de Camazotz,""12/29/25"""
"Stranger Things: Stranger Things 5: Capítulo cinco: Electrochoque,""12/28/25"""
"Stranger Things: Stranger Things 5: Capítulo cuatro: Hechicero,""12/7/25"""
"Stranger Things: Stranger Things 5: Capítulo tres: La trampa de Turnbow,""12/2/25"""
"Stranger Things: Stranger Things 5: Capítulo Dos: La Desaparición de Holly Wheeler,""12/1/25"""
"Stranger Things: Stranger Things 5: Capítulo uno: La misión,""12/1/25"""
"En el barro: Temporada 1: Episodio 3,""8/17/25"""
"En el barro: Temporada 1: Episodio 1,""8/17/25"""
"Black Mirror: Temporada 7: Una pareja cualquiera,""4/17/25"""
"Adolescencia: Miniserie: Episodio 4,""4/17/25"""
"Adolescencia: Miniserie: Episodio 3,""4/16/25"""
"Adolescencia: Miniserie: Episodio 1,""4/7/25"""
"Adolescencia: Miniserie: Episodio 2,""4/5/25"""
"Cobra Kai: Temporada 6: As recuperado,""3/7/25"""
"Cobra Kai: Temporada 6: Golpear último,""2/24/25"""
"Cobra Kai: Temporada 6: Fantasmas,""2/22/25"""
"Cobra Kai: Temporada 6: Fuera de sí,""2/22/25"""
"Cobra Kai: Temporada 6: Prueba de fuego,""2/15/25"""
"El juego del calamar: Temporada 2: 001,""1/19/25"""
"El juego del calamar: Temporada 2: Fiesta de Halloween,""1/19/25"""
"El Slam de Netflix,""1/19/25"""
"Supercool,""1/18/25"""
"El juego del calamar: Temporada 2: Sustento y azar,""1/13/25"""
"Cobra Kai: Temporada 1: As degenerado,""1/5/25"""
"Cobra Kai: Temporada 6: Eunjangdo,""1/5/25"""
"Cobra Kai: Temporada 6: Sangre por sangre,""1/1/25"""
"Cobra Kai: Temporada 6: Sospechas en el aire,""1/1/25"""
"Cobra Kai: Temporada 6: Pelear a cara de perro,""1/1/25"""
"Cobra Kai: Temporada 6: Benvinguts a Barcelona,""12/30/24"""
"Cobra Kai: Temporada 6: Lo mejor de lo mejor,""12/29/24"""
"Cobra Kai: Temporada 6: Subestimados,""12/29/24"""
"Cobra Kai: Temporada 6: Pijamada,""12/28/24"""
"Cobra Kai: Temporada 6: El premio,""12/28/24"""
"Equipaje de mano,""12/28/24"""
"Cobra Kai: Temporada 6: Tiempos de paz,""12/28/24"""
"Luz negra,""12/23/24"""
"La Palma: Miniserie: Punto seguro,""12/20/24"""
"La Palma: Miniserie: A Tenerife,""12/20/24"""
"La Palma: Miniserie: Despegue,""12/19/24"""
"La Palma: Miniserie: El pastorcito mentiroso,""12/19/24"""
"No respires 2,""8/11/24"""
"Asesinato para principiantes: Temporada 1: Episodio 6,""8/8/24"""
"Asesinato para principiantes: Temporada 1: Episodio 5,""8/8/24"""
"Asesinato para principiantes: Temporada 1: Episodio 4,""8/6/24"""
"Asesinato para principiantes: Temporada 1: Episodio 3,""8/6/24"""
"Asesinato para principiantes: Temporada 1: Episodio 2,""8/5/24"""
"Asesinato para principiantes: Temporada 1: Episodio 1,""8/5/24"""
"Una esposa de mentira,""8/2/24"""
"Sin Hijos,""7/28/24"""
"Mamá se fue de viaje,""7/22/24"""
"Footloose,""7/13/24"""
"Un detective suelto en Hollywood: Axel F.,""7/8/24"""
"Eric: Miniserie: Episodio 1,""6/7/24"""
"Bebé reno: Miniserie: Episodio 7,""5/15/24"""
"Bebé reno: Miniserie: Episodio 6,""5/15/24"""
"Bebé reno: Miniserie: Episodio 5,""5/14/24"""
"Bebé reno: Miniserie: Episodio 4,""5/14/24"""
"Bebé reno: Miniserie: Episodio 3,""5/13/24"""
"Bebé reno: Miniserie: Episodio 2,""5/12/24"""
"Todo un hombre: Miniserie: El día del juicio,""5/12/24"""
"Nadie,""5/12/24"""
"Todo un hombre: Miniserie: La hora de la verdad,""5/10/24"""
"Todo un hombre: Miniserie: Tic, tac,""5/10/24"""
"Bebé reno: Miniserie: Episodio 1,""5/10/24"""
"Cuatro días más,""5/10/24"""
"Todo un hombre: Miniserie: La ruina,""5/6/24"""
"Todo un hombre: Miniserie: Una derrota aplastante,""5/6/24"""
"Todo un hombre: Miniserie: Alforjas,""5/6/24"""
"Descansar en paz,""5/4/24"""
"Hotel Mumbai: El atentado,""5/4/24"""
"Nimona,""3/14/24"""
"Damsel,""3/12/24"""
"Venganza implacable,""3/11/24"""
"Alejandro Magno: La creación de un dios: El joven rey,""3/11/24"""
"ARA San Juan: El submarino que desapareció: Miniserie: El silencio,""3/8/24"""
"Fractura,""3/1/24"""
"Avatar: La leyenda de Aang: Avatar: la leyenda de Aang: Libro 3: Sozin's Comet: Parte 4: Avatar Aang,""3/1/24"""
"Avatar: La leyenda de Aang: Avatar: la leyenda de Aang: Libro 3: Sozin's Comet: Parte 3: Into the Inferno,""2/28/24"""
"Avatar: La leyenda de Aang: Avatar: la leyenda de Aang: Libro 3: Los maestros del Fuego control,""2/28/24"""
"Avatar: La leyenda de Aang: Avatar: la leyenda de Aang: Libro 2: La encrucijada del destino,""2/28/24"""
"Avatar: La leyenda de Aang: Temporada 1: Leyendas,""2/28/24"""
"Avatar: La leyenda de Aang: Temporada 1: El norte,""2/27/24"""
"Avatar: La leyenda de Aang: Temporada 1: Máscaras,""2/27/24"""
"Avatar: La leyenda de Aang: Temporada 1: El viaje al Mundo de los Espíritus,""2/27/24"""
"Avatar: La leyenda de Aang: Temporada 1: En la oscuridad,""2/26/24"""
"Avatar: La leyenda de Aang: Temporada 1: Omashu,""2/24/24"""
"Lo que ignoramos,""2/24/24"""
"Avatar: La leyenda de Aang: Temporada 1: Guerreros,""2/23/24"""
"Avatar: La leyenda de Aang: Temporada 1: Aang,""2/23/24"""
"El abismo de Kiruna,""2/22/24"""
"Einstein y la bomba,""2/17/24"""
"El turista: Temporada 1: Episodio 1,""2/12/24"""
"Medicina letal: Miniserie: El inicio de la epidemia,""2/12/24"""
"Casados con hijos: Temporada 1: Hogar Dulce Hogar,""1/30/24"""
"Pesadilla de un secuestro en California: Tercera parte: Los otros,""1/24/24"""
"Pesadilla de un secuestro en California: Segunda parte: Perdida,""1/23/24"""
"Pesadilla de un secuestro en California: Primera parte: El novio,""1/23/24"""
"Break Point: Temporada 2: Ser número 1,""1/16/24"""
"Break Point: Temporada 2: Ahora o nunca,""1/16/24"""
"Break Point: Temporada 2: Un asunto pendiente,""1/16/24"""
"Break Point: Temporada 2: Amigos y adversarios,""1/16/24"""
"Break Point: Temporada 2: El futuro es tuyo,""1/16/24"""
"Break Point: Temporada 2: La maldición,""1/16/24"""
"Ghislaine Maxwell: Asquerosamente rica,""1/8/24"""
"Jeffrey Epstein: Asquerosamente rico: Miniserie: Voces escuchadas,""1/8/24"""
"Jeffrey Epstein: Asquerosamente rico: Miniserie: La isla,""1/8/24"""
"Jeffrey Epstein: Asquerosamente rico: Miniserie: Sigue la pista del dinero,""1/7/24"""
"Jeffrey Epstein: Asquerosamente rico: Miniserie: Zonas de caza,""1/7/24"""
"Engaños: Miniserie: Episodio 1,""1/7/24"""
"La sociedad de la nieve,""1/6/24"""
"The Walking Dead: Temporada 10: Los límites que cruzamos,""12/31/23"""
"The Walking Dead: Temporada 9: La tormenta,""12/31/23"""
"The Walking Dead: Temporada 10: Nosotros somos el fin del mundo,""12/31/23"""
"The Walking Dead: Temporada 9: La calma previa,""12/31/23"""
"The Walking Dead: Temporada 9: Cicatrices,""12/31/23"""
"The Walking Dead: Temporada 9: Paso estrecho,""12/31/23"""
"The Walking Dead: Temporada 9: Guardianes,""12/30/23"""
"Resident Evil: Bienvenidos a Nueva Raccoon City,""12/30/23"""
"The Walking Dead: Temporada 9: Recompensa,""12/30/23"""
"The Walking Dead: Temporada 9: Omega,""12/30/23"""
"The Walking Dead: Temporada 9: Adaptación,""12/30/23"""
"The Walking Dead: Temporada 9: Evolución,""12/30/23"""
"The Walking Dead: Temporada 9: Stradivarius,""12/30/23"""
"The Walking Dead: Temporada 9: ¿Quiénes somos ahora?,""12/30/23"""
"The Walking Dead: Temporada 9: ¿Qué viene después?,""12/30/23"""
"The Walking Dead: Temporada 9: El obligado,""12/29/23"""
"The Walking Dead: Temporada 9: Señales de alerta,""12/29/23"""
"The Walking Dead: Temporada 9: El puente,""12/29/23"""
"The Walking Dead: Temporada 9: Un nuevo comienzo,""12/29/23"""
"The Walking Dead: Temporada 3: El rey suicida,""12/29/23"""
"The Walking Dead: Temporada 3: Creados para sufrir,""12/28/23"""
"The Walking Dead: Temporada 3: Cuando los muertos vienen tocando,""12/28/23"""
"The Walking Dead: Temporada 3: Perseguido,""12/28/23"""
"The Walking Dead: Temporada 3: Da la orden,""12/28/23"""
"The Walking Dead: Temporada 3: Asesino interior,""12/28/23"""
"The Walking Dead: Temporada 3: Camina conmigo,""12/28/23"""
"The Walking Dead: Temporada 3: Enfermo,""12/27/23"""
"The Walking Dead: Temporada 3: Semilla,""12/27/23"""
"The Walking Dead: Temporada 2: Junto al fuego que se extingue,""12/27/23"""
"The Walking Dead: Temporada 2: Los mejores ángeles,""12/27/23"""
"The Walking Dead: Temporada 2: Juez, jurado y verdugo,""12/27/23"""
"The Walking Dead: Temporada 2: A 30 kilómetros,""12/27/23"""
"The Walking Dead: Temporada 2: Dedo en gatillo,""12/27/23"""
"The Walking Dead: Temporada 2: Nebraska,""12/27/23"""
"The Walking Dead: Temporada 2: Prácticamente muertos,""12/27/23"""
"The Walking Dead: Temporada 2: Secretos,""12/26/23"""
"The Walking Dead: Temporada 2: El chupacabras,""12/26/23"""
"The Walking Dead: Temporada 2: La rosa cheroqui,""12/26/23"""
"The Walking Dead: Temporada 2: Guarda la última,""12/26/23"""
"The Walking Dead: Temporada 2: Sangría,""12/26/23"""
"The Walking Dead: Temporada 2: Lo que nos espera,""12/26/23"""
"The Walking Dead: Temporada 1: TS-19,""12/26/23"""
"The Walking Dead: Temporada 1: Código Wildfire,""12/26/23"""
"The Walking Dead: Temporada 1: Muchachos,""12/26/23"""
"The Walking Dead: Temporada 1: Díselo a las ranas,""12/26/23"""
"The Walking Dead: Temporada 1: Agallas,""12/25/23"""
"The Walking Dead: Temporada 1: Los viejos tiempos,""12/25/23"""
"Año uno,""12/25/23"""
"Los trabajadores del ferrocarril: La historia no contada de Bhopal 1984: Miniserie: Episodio 4,""12/17/23"""
"Los trabajadores del ferrocarril: La historia no contada de Bhopal 1984: Miniserie: Episodio 3,""12/17/23"""
"Legion: Legion: Season 1_hook_primary_16x9,""12/17/23"""
"Los trabajadores del ferrocarril: La historia no contada de Bhopal 1984: Miniserie: Episodio 2,""12/17/23"""
"Los trabajadores del ferrocarril: La historia no contada de Bhopal 1984: Miniserie: Episodio 1,""12/16/23"""
"The Walking Dead: Temporada 8: Ira,""12/16/23"""
"The Walking Dead: Temporada 7: Llegará el día en el que no lo estés,""12/16/23"""
"The Walking Dead: Temporada 6: Último día en la Tierra,""12/16/23"""
"BoJack Horseman: Temporada 3: Como pez fuera del agua,""11/18/23"""
"Cómo se convirtieron en capos de la mafia: Con el empleo soñado,""11/18/23"""
"Peaky Blinders: Temporada 1: Episodio 1,""11/5/23"""
