Title,Date
Agatha Christie: Las Siete Esferas: A Bundle con amor,2026-04-15
Emergencia radiactiva: Tienen que confiar en alguien,2026-04-15
Emergencia radiactiva: Siempre tenemos una opción,2026-04-15
Emergencia radiactiva: ¿Estamos bebiendo agua contaminada?,2026-04-11
Emergencia radiactiva: ¿Cuándo podremos volver a casa?,2026-04-11
Emergencia radiactiva: Un desastre como Brasil nunca ha visto,2026-04-10
Peaky Blinders: El hombre inmortal,2026-03-21
Los dinosaurios: La conquista,2026-03-11
Peaky Blinders: Temporada 1: Episodio 2,2026-03-11
La vida en nuestro planeta: Capítulo 2: La primera frontera,2026-03-10
Los dinosaurios: El ascenso,2026-03-09
Cortafuego,2026-03-08
En fuga: Miniserie: Por siempre la verdad brillante,2026-01-20
En fuga: Miniserie: Otra época,2026-01-19
En fuga: Miniserie: La última gota,2026-01-19
En fuga: Miniserie: Tatuajes mientras esperas,2026-01-18
En fuga: Miniserie: Ver para creer,2026-01-18
Stranger Things: Stranger Things 5: Capítulo ocho: Este Lado,2026-01-01
Stranger Things: Stranger Things 5: Capítulo siete: El puente,2025-12-29
Stranger Things: Stranger Things 5: Capítulo seis: La huida de Camazotz,2025-12-29
Stranger Things: Stranger Things 5: Capítulo cinco: Electrochoque,2025-12-28
Stranger Things: Stranger Things 5: Capítulo cuatro: Hechicero,2025-12-07
Stranger Things: Stranger Things 5: Capítulo tres: La trampa de Turnbow,2025-12-02
Stranger Things: Stranger Things 5: Capítulo Dos: La Desaparición de Holly Wheeler,2025-12-01
Stranger Things: Stranger Things 5: Capítulo uno: La misión,2025-12-01
En el barro: Temporada 1: Episodio 3,2025-08-17
En el barro: Temporada 1: Episodio 1,2025-08-17
Black Mirror: Temporada 7: Una pareja cualquiera,2025-04-17
Adolescencia: Miniserie: Episodio 4,2025-04-17
Adolescencia: Miniserie: Episodio 3,2025-04-16
Adolescencia: Miniserie: Episodio 1,2025-04-07
Adolescencia: Miniserie: Episodio 2,2025-04-05
Cobra Kai: Temporada 6: As recuperado,2025-03-07
Cobra Kai: Temporada 6: Golpear último,2025-02-24
Cobra Kai: Temporada 6: Fantasmas,2025-02-22
Cobra Kai: Temporada 6: Fuera de sí,2025-02-22
Cobra Kai: Temporada 6: Prueba de fuego,2025-02-15
El juego del calamar: Temporada 2: 001,2025-01-19
El juego del calamar: Temporada 2: Fiesta de Halloween,2025-01-19
El Slam de Netflix,2025-01-19
Supercool,2025-01-18
El juego del calamar: Temporada 2: Sustento y azar,2025-01-13
Cobra Kai: Temporada 1: As degenerado,2025-01-05
Cobra Kai: Temporada 6: Eunjangdo,2025-01-05
Cobra Kai: Temporada 6: Sangre por sangre,2025-01-01
Cobra Kai: Temporada 6: Sospechas en el aire,2025-01-01
Cobra Kai: Temporada 6: Pelear a cara de perro,2025-01-01
Cobra Kai: Temporada 6: Benvinguts a Barcelona,2024-12-30
Cobra Kai: Temporada 6: Lo mejor de lo mejor,2024-12-29
Cobra Kai: Temporada 6: Subestimados,2024-12-29
Cobra Kai: Temporada 6: Pijamada,2024-12-28
Cobra Kai: Temporada 6: El premio,2024-12-28
Equipaje de mano,2024-12-28
Cobra Kai: Temporada 6: Tiempos de paz,2024-12-28
Luz negra,2024-12-23
La Palma: Miniserie: Punto seguro,2024-12-20
La Palma: Miniserie: A Tenerife,2024-12-20
La Palma: Miniserie: Despegue,2024-12-19
La Palma: Miniserie: El pastorcito mentiroso,2024-12-19
No respires 2,2024-08-11
Asesinato para principiantes: Temporada 1: Episodio 6,2024-08-08
Asesinato para principiantes: Temporada 1: Episodio 5,2024-08-08
Asesinato para principiantes: Temporada 1: Episodio 4,2024-08-06
Asesinato para principiantes: Temporada 1: Episodio 3,2024-08-06
Asesinato para principiantes: Temporada 1: Episodio 2,2024-08-05
Asesinato para principiantes: Temporada 1: Episodio 1,2024-08-05
Una esposa de mentira,2024-08-02
Sin Hijos,2024-07-28
Mamá se fue de viaje,2024-07-22
Footloose,2024-07-13
Un detective suelto en Hollywood: Axel F.,2024-07-08
Eric: Miniserie: Episodio 1,2024-06-07
Bebé reno: Miniserie: Episodio 7,2024-05-15
Bebé reno: Miniserie: Episodio 6,2024-05-15
Bebé reno: Miniserie: Episodio 5,2024-05-14
Bebé reno: Miniserie: Episodio 4,2024-05-14
Bebé reno: Miniserie: Episodio 3,2024-05-13
Bebé reno: Miniserie: Episodio 2,2024-05-12
Todo un hombre: Miniserie: El día del juicio,2024-05-12
Nadie,2024-05-12
Todo un hombre: Miniserie: La hora de la verdad,2024-05-10
"Todo un hombre: Miniserie: Tic, tac",2024-05-10
Bebé reno: Miniserie: Episodio 1,2024-05-10
Cuatro días más,2024-05-10
Todo un hombre: Miniserie: La ruina,2024-05-06
Todo un hombre: Miniserie: Una derrota aplastante,2024-05-06
Todo un hombre: Miniserie: Alforjas,2024-05-06
Descansar en paz,2024-05-04
Hotel Mumbai: El atentado,2024-05-04
Nimona,2024-03-14
Damsel,2024-03-12
Venganza implacable,2024-03-11
Alejandro Magno: La creación de un dios: El joven rey,2024-03-11
ARA San Juan: El submarino que desapareció: Miniserie: El silencio,2024-03-08
Fractura,2024-03-01
Avatar: La leyenda de Aang: Avatar: la leyenda de Aang: Libro 3: Sozin's Comet: Parte 4: Avatar Aang,2024-03-01
Avatar: La leyenda de Aang: Avatar: la leyenda de Aang: Libro 3: Sozin's Comet: Parte 3: Into the Inferno,2024-02-28
Avatar: La leyenda de Aang: Avatar: la leyenda de Aang: Libro 3: Los maestros del Fuego control,2024-02-28
Avatar: La leyenda de Aang: Avatar: la leyenda de Aang: Libro 2: La encrucijada del destino,2024-02-28
Avatar: La leyenda de Aang: Temporada 1: Leyendas,2024-02-28
Avatar: La leyenda de Aang: Temporada 1: El norte,2024-02-27
Avatar: La leyenda de Aang: Temporada 1: Máscaras,2024-02-27
Avatar: La leyenda de Aang: Temporada 1: El viaje al Mundo de los Espíritus,2024-02-27
Avatar: La leyenda de Aang: Temporada 1: En la oscuridad,2024-02-26
Avatar: La leyenda de Aang: Temporada 1: Omashu,2024-02-24
Lo que ignoramos,2024-02-24
Avatar: La leyenda de Aang: Temporada 1: Guerreros,2024-02-23
Avatar: La leyenda de Aang: Temporada 1: Aang,2024-02-23
El abismo de Kiruna,2024-02-22
Einstein y la bomba,2024-02-17
El turista: Temporada 1: Episodio 1,2024-02-12
Medicina letal: Miniserie: El inicio de la epidemia,2024-02-12
Casados con hijos: Temporada 1: Hogar Dulce Hogar,2024-01-30
Pesadilla de un secuestro en California: Tercera parte: Los otros,2024-01-24
Pesadilla de un secuestro en California: Segunda parte: Perdida,2024-01-23
Pesadilla de un secuestro en California: Primera parte: El novio,2024-01-23
Break Point: Temporada 2: Ser número 1,2024-01-16
Break Point: Temporada 2: Ahora o nunca,2024-01-16
Break Point: Temporada 2: Un asunto pendiente,2024-01-16
Break Point: Temporada 2: Amigos y adversarios,2024-01-16
Break Point: Temporada 2: El futuro es tuyo,2024-01-16
Break Point: Temporada 2: La maldición,2024-01-16
Ghislaine Maxwell: Asquerosamente rica,2024-01-08
Jeffrey Epstein: Asquerosamente rico: Miniserie: Voces escuchadas,2024-01-08
Jeffrey Epstein: Asquerosamente rico: Miniserie: La isla,2024-01-08
Jeffrey Epstein: Asquerosamente rico: Miniserie: Sigue la pista del dinero,2024-01-07
Jeffrey Epstein: Asquerosamente rico: Miniserie: Zonas de caza,2024-01-07
Engaños: Miniserie: Episodio 1,2024-01-07
La sociedad de la nieve,2024-01-06
The Walking Dead: Temporada 10: Los límites que cruzamos,2023-12-31
The Walking Dead: Temporada 9: La tormenta,2023-12-31
The Walking Dead: Temporada 10: Nosotros somos el fin del mundo,2023-12-31
The Walking Dead: Temporada 9: La calma previa,2023-12-31
The Walking Dead: Temporada 9: Cicatrices,2023-12-31
The Walking Dead: Temporada 9: Paso estrecho,2023-12-31
The Walking Dead: Temporada 9: Guardianes,2023-12-30
Resident Evil: Bienvenidos a Nueva Raccoon City,2023-12-30
The Walking Dead: Temporada 9: Recompensa,2023-12-30
The Walking Dead: Temporada 9: Omega,2023-12-30
The Walking Dead: Temporada 9: Adaptación,2023-12-30
The Walking Dead: Temporada 9: Evolución,2023-12-30
The Walking Dead: Temporada 9: Stradivarius,2023-12-30
The Walking Dead: Temporada 9: ¿Quiénes somos ahora?,2023-12-30
The Walking Dead: Temporada 9: ¿Qué viene después?,2023-12-30
The Walking Dead: Temporada 9: El obligado,2023-12-29
The Walking Dead: Temporada 9: Señales de alerta,2023-12-29
The Walking Dead: Temporada 9: El puente,2023-12-29
The Walking Dead: Temporada 9: Un nuevo comienzo,2023-12-29
The Walking Dead: Temporada 3: El rey suicida,2023-12-29
The Walking Dead: Temporada 3: Creados para sufrir,2023-12-28
The Walking Dead: Temporada 3: Cuando los muertos vienen tocando,2023-12-28
The Walking Dead: Temporada 3: Perseguido,2023-12-28
The Walking Dead: Temporada 3: Da la orden,2023-12-28
The Walking Dead: Temporada 3: Asesino interior,2023-12-28
The Walking Dead: Temporada 3: Camina conmigo,2023-12-28
The Walking Dead: Temporada 3: Enfermo,2023-12-27
The Walking Dead: Temporada 3: Semilla,2023-12-27
The Walking Dead: Temporada 2: Junto al fuego que se extingue,2023-12-27
The Walking Dead: Temporada 2: Los mejores ángeles,2023-12-27
"The Walking Dead: Temporada 2: Juez, jurado y verdugo",2023-12-27
The Walking Dead: Temporada 2: A 30 kilómetros,2023-12-27
The Walking Dead: Temporada 2: Dedo en gatillo,2023-12-27
The Walking Dead: Temporada 2: Nebraska,2023-12-27
The Walking Dead: Temporada 2: Prácticamente muertos,2023-12-27
The Walking Dead: Temporada 2: Secretos,2023-12-26
The Walking Dead: Temporada 2: El chupacabras,2023-12-26
The Walking Dead: Temporada 2: La rosa cheroqui,2023-12-26
The Walking Dead: Temporada 2: Guarda la última,2023-12-26
The Walking Dead: Temporada 2: Sangría,2023-12-26
The Walking Dead: Temporada 2: Lo que nos espera,2023-12-26
The Walking Dead: Temporada 1: TS-19,2023-12-26
The Walking Dead: Temporada 1: Código Wildfire,2023-12-26
The Walking Dead: Temporada 1: Muchachos,2023-12-26
The Walking Dead: Temporada 1: Díselo a las ranas,2023-12-26
The Walking Dead: Temporada 1: Agallas,2023-12-25
The Walking Dead: Temporada 1: Los viejos tiempos,2023-12-25
Año uno,2023-12-25
Los trabajadores del ferrocarril: La historia no contada de Bhopal 1984: Miniserie: Episodio 4,2023-12-17
Los trabajadores del ferrocarril: La historia no contada de Bhopal 1984: Miniserie: Episodio 3,2023-12-17
Legion: Legion: Season 1_hook_primary_16x9,2023-12-17
Los trabajadores del ferrocarril: La historia no contada de Bhopal 1984: Miniserie: Episodio 2,2023-12-17
Los trabajadores del ferrocarril: La historia no contada de Bhopal 1984: Miniserie: Episodio 1,2023-12-16
The Walking Dead: Temporada 8: Ira,2023-12-16
The Walking Dead: Temporada 7: Llegará el día en el que no lo estés,2023-12-16
The Walking Dead: Temporada 6: Último día en la Tierra,2023-12-16
BoJack Horseman: Temporada 3: Como pez fuera del agua,2023-11-18
Cómo se convirtieron en capos de la mafia: Con el empleo soñado,2023-11-18
Peaky Blinders: Temporada 1: Episodio 1,2023-11-05
